customerNo,firstName,middleName,lastName
1,John,Alexander,Doe
2,Jane,Elizabeth,Smith
3,Michael,David,Johnson
4,Emily,Rose,Williams
5,David,Christopher,Brown
6,Sarah,Michelle,Jones
7,Christopher,James,Garcia
8,Amanda,Marie,Miller
9,Matthew,Thomas,Davis
10,Ashley,Nicole,Rodriguez
11,James,Robert,Martinez
12,Jennifer,Lynn,Hernandez
13,Robert,Anthony,Lopez
14,Michelle,Anne,Gonzalez
15,William,Patrick,Wilson
16,Mary,Elizabeth,Anderson
17,Joseph,Andrew,Thomas
18,Karen,Christine,Taylor
19,Edward,Charles,Lee
20,Susan,Marie,Moore
21,Paul,Michael,Hill
22,Lisa,Marie,Clark
23,Richard,John,Walker
24,Linda,Kay,King
25,Mark,William,Carter
26,Patricia,Ann,Mitchell
27,Charles,Edward,Perez
28,Nancy,Marie,Roberts
29,Daniel,Joseph,Turner
30,Carol,Lynne,Phillips
31,Anthony,David,Campbell
32,Ruth,Ann,Parker
33,Thomas,William,Evans
34,Laura,Michelle,Edwards
35,Brian,Scott,Collins
36,Sandra,Kay,Stewart
37,Donald,Michael,Sanchez
38,Karen,Lynn,Morris
39,Jason,Andrew,Rogers
40,Betty,Jo,Reed
41,Joshua,Michael,Cook
42,Helen,Marie,Morgan
43,Eric,John,Bell
44,Deborah,Louise,Murphy
45,Ronald,Paul,Bailey
46,Dorothy,Marie,Rivera
47,Steven,James,Cox
48,Jessica,Lynn,Flores
49,Jeffrey,Michael,Bell
50,Alice,Marie,Gomez
51,Terry,Alan,Murray
52,Kimberly,Susan,Hughes
53,Gary,Michael,Jenkins
54,Angela,Marie,Perry
55,Jose,Luis,Long
56,Judy,Ann,Foster
57,Justin,Matthew,Russell
58,Anna,Marie,Sullivan
59,Ryan,Joseph,Bryant
60,Teresa,Lynn,Alexander
61,Austin,Michael,Ross
62,Sara,Marie,Griffin
63,Patrick,Joseph,Diaz
64,Shirley,Ann,Hayes
65,Henry,Charles,Myers
66,Martha,Jean,Ford
67,Dennis,Michael,Harrison
68,Carolyn,Marie,Marshall
69,Carl,David,Ferguson
70,Cynthia,Anne,Hart
71,Randy,Scott,Gibson
72,Brenda,Sue,Warren
73,Gerald,Wayne,Dean
74,Christine,Marie,Hanson
75,Arthur,James,Harper
76,Janet,Louise,Carroll
77,Phillip,John,Stone
78,Debra,Lynn,Holland
79,Billy,Ray,Barnes
80,Marie,Anne,Johnston
81,Jesse,Lee,Cunningham
82,Tina,Marie,Henry
83,Roy,Edward,Boyd
84,Ann,Marie,Carpenter
85,Howard,James,Weaver
86,Jacqueline,Marie,Larson
87,Ethan,Michael,Wheeler
88,Gloria,Marie,Ferguson
89,Bruce,Alan,Hudson
90,Tammy,Jo,Spencer
91,Willie,James,Gardner
92,Kathleen,Anne,Greene
93,Aaron,Michael,Stephens
94,Lori,Anne,Grant
95,Nicholas,John,Olson
96,Pamela,Anne,Gibson
97,Jordan,Alexander,Wagner
98,Beverly,Sue,Banks
99,Albert,Joseph,Sims
100,Bonnie,Lou,Walters
